id,content,pick
002e71bf-8478-43d6-9e34-282ac4149f59,What's the one thing that makes an elf instantly ejaculate?,1
01253eca-043a-48e9-b999-c433a30565ed,Airport security guidelines now prohibit ____ on airplanes.,1
0185c29a-1aaf-4be0-bf73-d8b345c3310c,What left this stain on my couch?,1
01ba288b-4dfd-4243-9d27-72c0c18b9311,A successful job interview begins with a firm handshake and ends with ____.,1
01eceae8-99d5-4340-89aa-1ff882cf7096,"Forget everything you know about ____, because now we've supercharged it with ____!",2
029b71d4-a8ab-4d92-be74-3c9f9f16f7d7,I got 99 problems but ____ ain't one.,1
02e25793-7c9e-4b1e-bc5f-dfcc63b60905,"For my next trick, I will pull ____ out of ____.",2
0359b77c-c705-4847-8d4c-5426e6e02c17,"Today on <i>Jerry Springer:</i> ""Help! My son is ____!""",1
0372a43f-5d2c-46c2-9997-745458da2e03,"Oh no! Siri, how do I fix ____?",1
03c25646-87e9-4599-912f-da862fe8baab,"I'm not going to lie. I despise ____. There, I said it.",1
045ae48e-e9e8-4016-8b63-7d5b6db3ce31,"In the Disney Channel Original Movie, Hannah Montana struggles with ____ for the first time.",1
06114262-345a-4e49-a126-7ce7cd664b26,The blind date was going horribly until we discovered our shared interest in ____.,1
062e90f8-25bf-4c3c-ad03-80fbfebd5798,"Run, run, as fast as you can! You can't catch me, I'm ____!",1
063b8475-466b-4d16-9c7d-bf9088fead3d,"Money can't buy me love, but it can buy me ____.",1
0647963c-bc09-4c8b-a329-84a45da8f887,Cancel all my meetings. We've got a situation with ____ that requires my immediate attention.,1
065e1b76-bd65-4dbf-8ebc-53caac3618f3,Can a woman really have it all? A career <i>and ____?</i>,1
06d7d5a3-52ed-48be-a33f-dc740d469583,"____. High five, bro.",1
0788ac2b-cc3f-4842-a7e5-bffacef15f6f,"Dear Sir or Madam, <br>We regret to inform you that the Office of ____ has denied your request for ____.",2
08c13443-c0ac-4f94-96f0-722e9b853e43,"Ooo, daddy like ____.",1
095a2486-7516-4b7d-8aaf-0126b3b6f6e9,"I've had a horrible vision, father. I saw mountains crumbling, stars falling from the sky. I saw ____.",1
0a6c960c-7b6f-42aa-9bb3-ab4c0c2f7661,You have violated the Prime Directive! You exposed an alien culture to ____ before they were ready.,1
0a812007-4637-49c2-91a4-ffdd94709834,"You guys, you can buy ____ on the dark web.",1
0b1b4999-4192-4f4f-9413-375075043773,"Nobody expects the Spanish Inquisition. Our chief weapons are fear, surprise, and ____.",1
0b857432-c146-4d51-84d8-f99e8dd84d71,"In line with our predictions, we find a robust correlation between ____ and ____ ( <i>p&lt;.05).</i>",2
0ba96e97-1549-4390-a40d-b0b6a783dc46,"Hey guys, welcome to TGIF! Would you like to start the night off right with ____?",1
0bd70cd1-e860-47c8-9efb-9bcaaf92da1d,"From WBEZ Chicago, it's <i>This American Life.</i> Today on our program, ____. Stay with us.",1
0bf0d7d1-9cff-4678-8bcb-cdbca6473d84,Air Canada guidelines now prohibit ____ on airplanes.,1
0bf33524-1060-4588-81b4-96ba944a96e6,"Channel 9 is pleased to present its new variety show, ""Hey Hey It's ____.""",1
0c170257-6d14-4d5d-b824-4f3d0b538d13,WHOOO! God <i>damn</i> I love ____!,1
0c7f7470-d945-409c-b79d-1c01da430b68,Bravo's new reality show features eight washed-up celebrities living with ____.,1
0cae1758-6265-4b80-ae03-cc5f20f818ab,____ would be woefully incomplete without ____.,2
0e260426-40a0-4aec-a643-6b46e7d9de89,What is Batman's guilty pleasure?,1
0e5f6bc0-f0aa-4c37-9e97-f45f3493afbe,"With enough time and pressure, ____ will turn into ____.",2
0ef22e7c-f85a-4304-a29f-bb854d677ad3,"Dear Abby, I'm having some trouble ____ and would like your advice.",1
0efcbca7-ec21-4038-b53c-7a2675b84fff,"Up next on Nickelodeon: ""Clarissa Explains ____.""",1
0f433a51-5b40-4816-9dca-ecb7bac6fd69,"My grandfather worked his way up from nothing. When he came to this country, all he had was the shoes on his feet and ____.",1
0f5c61cb-81b9-49b1-be50-2f75cc2216c3,Revealed: Why He Really Resigned! Pope Benedict's Secret Struggle with ____!,1
0fd90165-135f-4691-8c3f-d688b9b83b46,A recent laboratory study shows that undergraduates have 50% less sex after being exposed to ____.,1
10f3e87d-f3f6-4cbe-9a3d-5ebfa7286010,Next from J.K. Rowling: <i>Harry Potter and the Chamber of ____.</i>,1
12277a01-b387-43d8-b828-d9c51793c2ab,Patient presents with ____. Likely a result of ____.,2
132c45fe-640d-4b05-a531-8caf35d3be96,"Believe it or not, Jim Carrey can do a dead-on impression of ____.",1
141cd830-4f23-48da-84ae-980aaf1a5d77,My life is ruined by a vicious cycle of ____ and ____.,2
1451d1b9-fc32-476e-ab15-c9ca8b9eb5a8,"I am become ____, destroyer of ____!",2
148d5a09-2056-4aa0-85af-7bb516acf0e1,"My body, my voice! ____, my choice!",1
14dd7d82-333e-48f4-b84d-40c574694539,It's not delivery. It's ____.,1
14f68b2b-62dd-416a-888b-fa1bf6a13950,The elders of the Ibo tribe of Nigeria recommend ____ as a cure for impotence.,1
15830da6-70a8-41c8-a3b5-42b09fec7a65,"I don't know exactly how I got the PAX plague, but I suspect it had something to do with ____.",1
1610c462-b67b-42a2-913a-48405c705c93,"Behold the Four Horsemen of the Apocalypse! War, Famine, Death, and ____.",1
16de1677-4bdc-48ee-ae39-bca230ce6c2b,"____: kid-tested, mother-approved.",1
16e1d3e7-d476-457c-9ec0-32d3d40c5f6b,"In what's being hailed as a major breakthrough, scientists have synthesized ____ in the lab.",1
1760858f-d4f3-44ac-aee6-e60d8cc4f46e,We do not shake with our left hands in this country. That is the hand we use for ____.,1
178d98fa-40be-4bc8-8bc0-84be8456739a,"I don't mean to brag, but they call me the Michael Jordan of ____.",1
1895d383-abab-4647-a7c1-e5eda665ceea,No Enforcer wants to manage the panel on ____.,1
1951575e-7923-4f4e-a055-9498c1a46213,"Just once I'd like to hear you say ""Thanks, Mum. Thanks for ____.""",1
1a06d5db-743d-4ccf-a6cc-a25371a2401f,"When I am a billionaire, I shall erect a 20-meter statue to commemorate ____.",1
1a2e7da3-9261-4975-9d41-68b82e12e49d,"Siskel and Ebert have panned ____ as ""poorly conceived"" and ""sloppily executed.""",1
1b8f8c8f-a855-496f-ace6-954f8897fca2,"Excuse me, waiter. Could you take this back? This soup tastes like ____.",1
1be86bf1-c939-4ec6-9675-23433f17871b,Looking to earn big bucks? Learn how to make ____ work for you!,1
1c2b94b8-fe8d-4a11-8fde-5d6137036fd2,"Unfortunately, Neo, no one can be <i>told</i> what ____ is. You have to see it for yourself.",1
1c76b90d-d807-4e1b-8bbc-3643ede721e8,"Summer lovin', had me a blast. ____, happened so fast.",1
1c778a62-50ce-4d54-9b02-ac7a9db1a481,"I'm sorry, Sir, but I couldn't complete my homework because of ____.",1
1d2803fe-5d7e-49b7-9cbf-0306911a4ea7,"After four platinum albums and three Grammys, it's time to get back to my roots, to what inspired me to make music in the first place: ____.",1
1e55657c-8ce4-4039-a3f2-18a5967ce16f,____ is way better in ____mode.,2
1e78b787-8165-415b-9504-27f01516633c,"Instead of playing a card this round, everyone must stare at the Card Czar while making a sound you'd make after tasting something delicious.",1
1f06bd06-81cc-4f04-970c-57cabf9d188f,"Listen, son. If you want to get involved with ____, I won't stop you. Just steer clear of ____.",2
1f28e184-97cd-4702-8108-fcea71d66d8e,Why do I hurt all over?,1
1f304420-4a33-4721-b562-bae50bd12d3a,"Brought to you by Bud Light&reg;, the official Beer of ____.",1
1f537e35-59f6-465f-b1c7-ba2c5bf4bbf8,"Check me out, yo! I call this dance move ""____.""",1
1fa7ddbf-3f4e-47f9-aad2-4550e932eb66,Alternative medicine is now embracing the curative powers of ____.,1
1fd0092c-2eda-4110-8eb5-abe0e8dc68ae,"Congratulations! You have been selected for our summer internship program. While we are unable to offer a salary, we <i>can</i> offer you ____.",1
1ff4dd64-6bd3-499c-ac04-a2810f786dc4,And the Academy Award for ____ goes to ____.,2
203e13ab-d91b-4662-a4d2-5060158d8db1,What are all those whales singing about?,1
207368fe-2871-4329-9618-e7c67429f901,How did Stella get her groove back?,1
20c50492-3a35-486f-89f6-e6a7858914c7,Qantas now prohibits ____ on airplanes.,1
20f54d88-3f79-4520-9092-b82bb6c76a74,The most controversial game at PAX this year is an 8-bit indie platformer about ____.,1
2160cee0-43fd-45ef-9c4f-ed77b465b70a,I learned the hard way that you can't cheer up a grieving friend with ____.,1
21974de5-2d24-40e2-95f9-1a3e6f27cd92,"____ may pass, but ____ will last forever.",2
221a1561-1c29-4476-a3ea-f8d0e02bbe22,War! What is it good for?,1
226bdcb1-bc6f-44a4-b26a-0db5e469d7a1,What's so important right now that you can't call your mother?,1
22ca35b2-b242-47c8-a48a-d7fdf6f86202,How am I compensating for my tiny penis?,1
232d8ed8-e57c-4577-b16e-71ecac7aee4d,"In this paper, I will explore ____ from a feminist perspective.",1
2333dffb-6fcf-4a48-9556-a8a1fabe571f,"James is a lonely boy. But when he discovers a secret door in his attic, he meets a magical new friend: ____.",1
233e9afe-c48d-4641-bab8-892337109530,"Oprah's book of the month is ""____ For ____: A Story of Hope.""",2
2428230e-2eb3-4312-a112-07405f4688ae,Action stations! Action stations! Set condition one throughout the fleet and brace for ____!,1
258252ad-4882-4c41-8bf6-70e9709d3694,"Poor Brandon, still living in his parents' basement. I hear he never got over ____.",1
25ba296c-210f-4d07-82bc-8d7730adc3f7,"As king, how will I keep the peasants in line?",1
261acf18-7468-4e5a-9348-c4d40daee583,Military historians remember Alexander the Great for his brilliant use of ____ against the Persians.,1
27534428-7da8-4fca-9a78-f40dd701e670,Computer! Display ____ on screen. Enhance.,1
27617439-1409-4995-b01a-bd968a4784fe,"On the third day of Christmas, my true love gave to me: three French hens, two turtle doves, and ____.",1
2795689c-2889-41c6-b3e4-eec1bac5089b,"As reparations for slavery, all African Americans will receive ____.",1
2845f43d-8abf-4e79-bd1a-76dcb59c5f7a,"She's just one of the guys, you know? She likes beer, and football, and ____.",1
28973d4d-29b6-4602-ba71-6dc0d9c41d41,My plan for world domination begins with ____.,1
2a54b8b7-932b-4e36-8879-9adf14fb8910,I'm going on a cleanse this week. Nothing but kale juice and ____.,1
2b88089f-17d2-4a5d-83f9-f09d0e6e1b56,Just saw this upsetting video! Please retweet!! #stop____,1
2bf281eb-799e-436b-be51-8e9afb6d6584,"And would you like those buffalo wings mild, hot, or ____?",1
2c454806-5db1-40f6-8413-8c45f553bda3,Now on Netflix: <i>Jiro Dreams of ____.</i>,1
2ce26278-b14b-4990-83d2-690f20eb2ca8,"When I am Prime Minister, I will create the Department of ____.",1
2d58fe49-cf81-4f28-a1fc-7809f50f7482,Oi! Show us ____!,1
2e34823d-a839-4355-84cb-ab5cbdced8d6,My memory of last night is pretty hazy. I remember ____ and that's pretty much it.,1
2e4873ec-75d8-42d7-9b66-f2f8d12fd6e6,____. It's a trap!,1
2e8eb59c-77dc-4f06-90b4-d3051dd33a6e,Next time on Dr. Phil: How to talk to your child about ____.,1
2eb5623f-ec7a-4b5d-b01c-83c5cd91cbf9,Our relationship is strictly professional. Let's not complicate things with ____.,1
2ec1e619-14e0-4464-a13b-fdc8d3c6a00d,"When you go to the polls on Tuesday, remember: a vote for me is a vote for ____.",1
2f651175-41c5-4836-a8b6-2679fea23d4d,"You've seen the bearded lady! You've seen the ring of fire! Now, ladies and gentlemen, feast your eyes upon ____!",1
2f8f24a5-f2a3-4190-8619-1dc7aa463c67,What killed my boner?,1
2ff6c42f-0256-4926-8a23-34051634d226,What ended my last relationship?,1
3013475a-f3d7-44fb-a4ae-207ee045c28a,[rorschach test] What do you see?,1
303091a5-7764-4e86-892d-f52178cdc98b,"But before I kill you, Mr. Bond, I must show you ____.",1
305eed35-c22c-4c20-874e-14d56f144864,"I've got rhythm, I've got music, I've got ____. Who could ask for anything more?",1
3078e9f5-fa40-4951-ab5e-7e7b12829f66,Here's what you can expect for the new year. Out: ____. In: ____.,2
310ef997-5e4b-441e-9ef8-d79c10a994e2,Yo' mama so fat she ____!,1
31ded374-38dc-46b5-9021-618273d4d42b,"I'm no doctor, but I'm pretty sure what you're suffering from is called ""____.""",1
31e485cd-841f-4edc-b6f7-8af9fcaf3a5c,"In Rome, there are whisperings that the Vatican has a secret room devoted to ____.",1
31f7db34-e82e-449a-a02e-07bc8992dc7c,What really killed the dinosaurs?,1
32cdff3c-9329-4bf8-9c94-c817fc001349,"Dear Leader Kim Jong-un, our village praises your infinite wisdom with a humble offering of ____.",1
33c80810-68b7-41b3-88f5-96fdff7cabb7,What totally destroyed my asshole?,1
33dd095d-c271-43c7-92d5-505bdcffe81f,What's the most problematic?,1
33f69363-d78f-451e-8658-c579766f60fe,Legend has it Prince wouldn't perform without ____ in his dressing room.,1
34472993-2cfd-4e31-9d8e-83b7df780dca,"When I was tripping on acid, ____ turned into ____.",2
34ed0a5b-06cb-40ce-8633-28ddcd5f3b8d,And the BAFTA for ____ goes to____.,2
352766c8-1f8c-4992-845e-6ffd8d311356,"Dear Abby, I'm having some trouble with ____ and would like your advice.",1
3530b7ba-8eae-400b-8537-918d9533c084,BowWOW! is the first pet hotel in LA that offers ____ for dogs.,1
3576a765-c6e4-4423-8228-f33c63338159,"This is America. If you don't work hard, you don't succeed. I don't care if you're black, white, purple, or ____.",1
35d368fa-e528-4658-a03c-ce009420613b,"What's harshing my mellow, man?",1
36283d50-dd34-44c8-a887-99631f5a3c99,Bravo's new reality show feature eight washed-up celebrities living with ____.,1
36873d5e-3db9-4c54-9690-7f8abaf72c00,"When I was a kid, we used to play Cowboys and ____.",1
3693aa60-466b-4def-882c-eaabf8ec296c,"Dance like there's nobody watching, love like you'll never be hurt, and live like you're ____.",1
37cc5b31-cb9e-4381-b0d9-372a65f308fd,"Kids these days with their iPods and their internet. In my day, we all needed to pass the time was ____.",1
3804e0b5-302c-4fe5-af14-eb0eae5777ad,"That's right, I killed ____. How, you ask? ____.",2
38129e67-5f20-46d8-9d52-e7ce121257f6,"When I pooped, what came out of my butt?",1
39479093-196e-4870-9187-e193204eb686,"Hey guys, welcome to Sizzler! Would you like to start the night off right with ____?",1
39685ae7-faa5-4fe7-ad8f-cc692097095a,A remarkable new study shows that chimps have evolved their own primitive version of ____.,1
3a0a00be-a050-43ea-bb85-5aa28d5d1dd1,What will end racism once and for all?,1
3a738d6d-9a51-45ce-9479-f027fe3b25e5,"If you can't handle ____, you'd better stay away from ____.",2
3ad3960f-2a30-45f0-b584-83211e098b5a,"Hey guys, welcome to Chili's! Would you like to start the night off right with ____?",1
3baa745e-8235-4c3b-b332-e4bc0ed18688,"When I am Prime Minister, I will create the Ministry of ____.",1
3bb92ce0-3148-473f-bc0c-56929f289230,What made Spock cry?,1
3bc20cb5-b045-4e3b-9f0e-9970d7fa89b0,NASA will spend 15 billion dollars on an unprecedented mission: ____ in space.,1
3bd15a3c-eca4-4c04-91d4-96cada5157f3,"Coming to Broadway next season: ""____ on the Roof.""",1
3cb5d39c-da08-4239-b3c9-ec241760ab15,"Today on <i>The Jeremy Kyle Show:</i> ""Help! My son is ____!""",1
3d60f731-ec5b-4ad3-81aa-727115700ec0,&#x2605;&#x2606;&#x2606;&#x2606;&#x2606; Do NOT go here! Found ____ in my Kung Pao chicken!,1
3da077ea-0b3c-4d01-a4dd-f0db7db5b34d,"Hey, whatever happened to Renee Zellweger?",1
3dbbee1d-8063-4e90-a7c7-1a0e372016f4,"Introducing X-treme Baseball! It's like baseball, but with ____!",1
3e106854-44be-472f-bf6e-9f0ddf0b92dd,The Westboro Baptist Church is now picketing soldiers' funerals with signs that read 'GOD HATES ____!',1
3e83bbf4-bfe7-431f-817c-63783cc51b52,"But wait, there's more! If you order ____ in the next 15 minutes, we'll throw in ____ absolutely free!",2
3edb1aa8-c9d8-4705-acfc-fc6298391af4,"Oh, your daughter should meet my son! He gives to charity, he loves ____ and did I mention he's a doctor?",1
3f8ba73b-16f7-4c02-8f6c-95e1bd09711e,Donald Trump has nominated ____ for his VP.,1
3f9dadf6-b839-4aff-8eb4-8579560a8a8c,"Instead of coal, Father Christmas now gives the bad children ____.",1
3fb933f7-9f1c-44c0-b496-9bcb1995a2c8,"ABC presents ""____: the Story of ____.""",2
3fd66bb9-98d4-4b62-b26a-e887cb0bc5ca,What turned me into a Republican?,1
410368a1-7a69-4405-b656-e60d39c3ab72,"Coming to Broadway this season, ____; The Musical.",1
4104a8e5-dc5a-4efd-88a2-c4b2aede1276,"You're not going to believe this, but I'm you from the future! You've got to stop ____.",1
418674a3-1d97-4c2a-ba20-7295d5a60c41,"Backers who supported Tabletop at the $25,000 level were astonished to receive ____ from Wil Wheaton himself.",1
42a2ee8f-0a46-4dd0-bf4c-b65b40a3e25a,"Mr. and Mrs. Diaz, we called you in because we're concerned about Cynthia. Are you aware that your daughter is ____?",1
4343a528-6eb3-4b83-9db0-f0b3aeb8613e,What is George W. Bush thinking about right now?,1
43b0b658-0f42-414e-a6a1-2bf9ee1a976c,"After eight years in the White House, how is Obama finally letting loose?",1
44346839-45c0-48c0-a68c-ba77b033ecf3,"Hey, you guys want to try this awesome new game? It's called ____.",1
4544af0f-1d8d-4b84-a2cb-efe2b58b74cf,"In the 1950s, psychologists prescribed ____ as a cure for homosexuality.",1
4595539f-e4e7-49a1-86e0-f417c3c00808,What's Teach For America using to inspire inner city students to succeed?,1
4622dd55-5d29-41cc-abb2-0ca60be411cf,"____? Yeah, nah.",1
46287774-a7f7-414c-b1e1-680e88e2b077,Old Macdonald had ____. E-I-E-I-O.,1
4707750f-ed2f-435d-8895-a07c9a3e0a21,"I'm a bitch, I'm a lover, I'm a child, I'm ____.",1
48b45d9a-25a0-43bc-a42f-87b470cdf143,"Today on <i>Mythbusters,</i> we find out how long ____ can withstand ____.",2
496ebe59-cff4-4524-8503-da1dfb92fe79,"In a world ravaged by ____, our only solace is ____.",2
499c6618-907b-47bf-a932-7f0f2380c2a1,"I'm sorry, sir, but your insurance plan doesn't cover injuries caused by ____.",1
4aeb106c-dad7-4882-9ab1-95cea8f1ce7c,What are two cards in your hand that you want to get rid of?,2
4b19a686-a82a-40f1-b81a-0b2bf2b179f6,"Dear Agony Aunt, I'm having some trouble with ____ and would like your advice.",1
4e2b3f62-f352-4f3d-8a93-23e1af8b4a87,"I'm sorry, Professor, but I couldn't complete my homework because of ____.",1
4e3763a5-af20-44d9-809e-c670df553065,Make a haiku.,3
4e55f1a5-b4b3-496a-96a7-058887181a58,How did I lose my virginity?,1
4e7e0a4d-e989-4192-b88e-1743cfc47e46,"Armani suit: $1,000. Dinner for two at that swanky restaurant: $300. The look on her face when you surprise her with ____: priceless.",1
4ea3ffdc-45d2-4185-84fe-583eb15c4565,Men's Wearhouse. You're gonna like ____. I guarantee it.,1
4f663e08-823b-4389-bc54-05314e152197,Fear leads to anger. Anger leads to hate. Hate leads to ____.,1
4f84d298-ac3d-4ad5-87b8-bc8cb0282fd4,"I'm just gonna stay in tonight. You know, Netflix and ____.",1
5020348c-05be-4efa-ae85-a225060398e5,This is your captain speaking. Fasten your seatbelts and prepare for ____.,1
5026cd05-9f3d-461c-b890-101fc72e7fae,"When I am Prime Minister of the United Kingdom, I will create the Ministry of ____.",1
50ebeee4-f2e5-4f4d-a2ab-530cc556ce45,"She's a lady in the streets, ____ in the sheets.",1
51b4c5cd-4b6c-4bb9-b195-50142c64f772,"Your persistence is admirable, my dear Prince. But you cannot win my heart with ____ alone.",1
5235804e-ec4c-4f53-82a5-88565d0ccc6b,The class field trip was completely ruined by ____.,1
52436120-7fe0-40f6-b8ab-41604115f50a,Do you lack energy? Does it sometimes feel like the whole world is ____? Ask your doctor about Zoloft&reg;.,1
52714c3c-f1b1-473b-bc3f-d173aef93ba7,Science will never explain ____.,1
52e01636-86bf-4a6e-b9da-e24fd66425fb,Google Calendar alert: ____ in 10 minutes.,1
5338c97e-0ac6-487c-8eab-d3da20b77013,____. That was so metal.,1
533ebcba-f866-40a5-b90c-5e13e7ad8d73,Life for Aboriginal people was forever changed when the white man introduced them to ____.,1
53c67e13-d6db-4f53-bcfc-d30d847d229b,You Won't Believe These 15 Hilarious ____ Bloopers!,1
542c077b-8d68-4a73-bb1f-8c918d44877d,Future historians will agree that ____ marked the beginning of America's decline.,1
549d3855-759e-4419-aa4a-0ebca030d73a,What will always get you laid?,1
54a01030-28d9-4a4d-8118-a0fe3c291d70,"I'm sorry, sir, but we don't allow ____ at the country club.",1
55ed3fe0-24ee-4cda-b61e-0dacca4332c0,The school excursion was completely ruined by ____.,1
56c55b13-cfb4-4ab7-acef-1ab9afb8f189,Feeling so grateful! #amazing #mylife #____,1
57039a32-f1d5-4bf7-b950-b14b86c97db4,"Just once I'd like to hear you say ""Thanks, Mom. Thanks for ____.""",1
57cc055c-4ef2-40b3-a5a6-98292bbaaa61,"A curse upon thee! Many years from now, just when you think you're safe, ____ shall turn into ____.",2
57f8886b-1700-4d28-adf4-b1c63ad9e3e5,"Son, take it from someone who's been around the block a few times. Nothin' puts her in the mood like ____.",1
5802e71d-eacb-499d-ba9f-9d13a1994f20,"When you get right down to it, ____ is just ____.",2
587d78f6-a579-41ee-a0c0-967024eef489,"A romantic, candlelit dinner would be incomplete without ____.",1
593e1b58-2e38-4821-bdc0-04200ce8a742,"In the new Disney Channel Original Movie, Hannah Montana struggles with ____ for the first time.",1
597da0fe-5df0-4f02-a32a-77de6d816379,"Mate, <i>do not</i> go in that toilet. There's ____ in there.",1
598d930d-20cb-4edb-999a-c82057d864a5,What's the next Happy Meal&reg; toy?,1
59ce31bc-2fa8-45bb-8a8d-efda8cd66595,What's making things awkward in the sauna?,1
5a4a1bee-6323-4d46-8c4c-7add08c017d4,"Hold up. I gotta deal with ____, then I'mma smoke this.",1
5b53aee8-6e67-431e-981a-6478639d92c8,What's about to take this dance floor to the next level?,1
5b657a02-f3cb-4924-8ce8-50c586f0a93f,&#x2605;&#x2606;&#x2606;&#x2606;&#x2606; Do NOT go here! Found ____ in my Mongolian chicken!,1
5d3570df-d151-4bdb-bdf1-b51e8ebce747,"Mate, <i>do not go</i> in that bathroom. There's ____ in there.",1
5d43a68b-4508-40f8-8e7c-4ec4f2935cc4,"This season at Steppenwolf, Samuel Beckett's classic existential play: Waiting for ____.",1
5d8e32d8-ed86-42e0-85a9-e27b9f5cd175,"Wake up, America. Christmas is under attack by secular liberals and their ____.",1
5d994c33-8114-4339-a91a-535a4cfce920,Why am I sticky?,1
5d9ec8ec-8240-4c81-88c2-793c871787c1,"Brought to you by Molson Canadian, the Official Beer of ____.",1
5dd9bcf2-1ac4-4186-a065-0bb27fd82bbd,"Coming to Broadway this season, ____: The Musical.",1
5e61f295-0bec-4261-84bb-5b1227f63824,Penalty! ____: that's 5 minutes in the box!,1
5e7b6a70-7bf5-40b8-935c-ecba5c5e2e65,"After blacking out during New Year's Eve, I was awoken by ____.",1
5ecb2240-9f94-4c52-a4fc-d5f0d76f9a05,What's there a ton of in heaven?,1
60a7e236-9c76-4e34-87a0-033d9164100f,"Hi, this is Jim from accounting. We noticed a $1,200 charge labeled ""____."" Can you explain?",1
613b4f3f-e971-4ab5-9142-864530c935cf,Charades was ruined for me forever when my mom had to act out ____.,1
6146c006-bb14-4d55-9868-d910d5d296a9,"We're not like other news organizations. Here at Slugline, we welcome ____ in the office.",1
61e6682a-817c-45d8-902a-c5ec990f079c,Did you know? Our college was recently named the #1 school for ____!,1
620d2ea2-108f-4b6f-b0fa-23fb4e5eb4db,"In the beginning, there was ____. And the Lord said, ""Let there be ____.""",2
62759637-50db-4a6b-9298-9c5fda070854,"Hi MTV! My name is Kendra, I live in Malibu, I'm into ____, and I love to have a good time.",1
62ccf77f-6130-495c-8b68-f4aac4d3f647,"As part of his daily regimen, Anderson Cooper sets aside 15 minutes for ____.",1
635ffcd8-e73c-4091-ad4b-36a5545dd81e,"And in the end, the dragon was not evil; he just wanted ____.",1
6394dace-0229-4b80-929e-62610556504d,CNN breaking news! Scientists discover ____.,1
64b95d68-eebc-44e0-8bf7-442f7c05ed57,Here is the church Here is the steeple Open the doors And there is ____.,1
65e7b626-2b0e-45d4-8032-016e4701a0e4,____ + ____ = ____.,3
662a40ce-432f-43d0-b978-ed09da267f90,"When I am a billionaire, I shall erect a 20-metre statue to commemorate ____.",1
66a635d2-47a8-40d3-87dc-ebab7a404351,My name is Inigo Montoya. You killed my father. Prepare for ____.,1
674c15ab-86ee-4938-9396-091e8a224973,"Coming this spring from BioWare, <i>Mass Effect: ____.</i>",1
675c0eeb-b41a-4cbc-a1f4-80ea16e4e1f5,Trump's great! Trump's got ____. I love that.,1
67cc4870-4009-44fa-ae3a-1582db236aad,"I have an idea even better than Kickstarter, and it's called ____starter.",1
680ee45b-35e8-4fcb-9595-949d61895d45,I went from ____ to ____ all thanks to ____.,3
681e1054-5a61-4e52-abfb-a0019d1c50d6,Why can't I sleep at night?,1
682babe6-3a06-4765-b0bd-34981b6ed501,"This season at the Old Vic, Samuel Beckett's classic existential play: Waiting for ____.",1
6836eae7-2acc-439e-892e-8d0028d8d7c5,Get ready for the movie of the summer! One cop plays by the book. The other's only interested in one thing: ____.,1
68a78396-47fc-458b-af25-951d25c70d4a,What's the latest bullshit that's troubling this quaint fantasy town?,1
68c2e4a3-f4fe-44e3-80a0-80f7e2d9e007,Click Here for ____!!!,1
6919cf94-6bde-4e47-8590-319579447d9d,Just saw this upsetting video! Please retweet!! #stop ____,1
6932876e-53b5-4a49-b735-91552a9a4865,Why am I laughing and crying and taking off my clothes?,1
6a97ed31-68d2-46c3-9770-8b55b1c8bc58,____ is a slippery slope that leads to ____.,2
6aa7c983-3ff5-4da9-889d-aaf399c8ea7a,Having the worst day EVER. #____,1
6bb351d6-c749-444f-aa6e-8daa04f0dad8,"In an attempt to recreate conditions just after the Big Bang, physicists at the LHC are observing collisions between ____ and ____.",2
6c210118-458b-4777-bcf1-d06137a1a72a,"Next week on the Discovery Channel, one man must survive in the depths of the Amazon with only ____ and his wits.",1
6c67c00e-22e3-4e24-85a3-3be802c1160a,It's a pity that kids these days are all getting involved with ____.,1
6d0a0fdc-86c5-4b79-90b2-b05f8c7655b3,"When all else fails, I can always masturbate to ____.",1
6dde524c-e3e3-4544-a392-2d3f77cdb0a3,The Chevy Tahoe. With the power and space to take ____ everywhere you go.,1
6e04721d-9b71-496a-aa98-2a60b1f35e90,"New from Mattel, it's ____ Barbie!",1
6ee4fb07-b7ee-49e8-a296-c2b80b6fc91f,"IF you like ____, YOU MIGHT BE A REDNECK.",1
6ef3e31c-9088-4d30-a682-dbf8bc457174,Art isn't just a painting in a stuffy museum. Art is alive. Art is ____.,1
6f12b357-ecb0-46d6-bb53-879595671d7f,I'm not like the rest of you. I'm too rich and busy for ____.,1
6fbb44ba-6610-4946-b671-f3c210578de4,"My new favorite porn star is Joey ""____"" McGee.",1
703058e8-4177-43ae-be5d-ef8ded168961,"Don't miss Rachel Ray's hit new show, <i>Cooking with ____.</i>",1
70d12ab5-ed80-4467-a149-e7674a3ab9f0,One more thing. Watch out for Big Mike. They say he killed a man with ____.,1
70ee07c7-8b63-4634-8da8-bcabf15aa76e,Jesus is ____.,1
71264626-88e6-4655-8ee1-0390b48c561c,"Critics are raving about HBO's new <i>Game of Thrones</i> spin-off, ""____ of ____.""",2
72338a0b-4f7c-4fd7-8148-b96df2835684,The Department of Psychology is looking for paid research volunteers. Are you 18-25 and suffering from ____?,1
7237177a-7e76-434b-a964-70fb77ce2152,"Dammit, Gary. You can't just solve every problem with ____.",1
724d64ca-0320-4280-a5f0-63ea3d355fbe,____. Betcha can't have just one!,1
724fdf8a-6263-4eed-a58c-a7efc1fadf85,"Dear Mom and Dad, Camp is fun. I like capture the flag. Yesterday, one of the older kids taught me about ____. I love you, Casey",1
7346e36d-0978-4e95-8c82-61d0c00083be,"I'm Bobby Flay, and if you can't stand ____, get out of the kitchen!",1
73b64272-ce19-43f6-aeba-69456fe523c1,You haven't truly lived until you've experienced ____ and ____ at the same time.,2
73d69452-2693-4835-b898-45b2f2f5ea62,"Hey guys, welcome to Boston Pizza! Would you like to start the night off right with ____?",1
7416d827-7eaa-43ce-b9b6-e932bdbc3930,"Well, shit. My eyes ain't so good, but I'll eat my own boot if that ain't ____!",1
74720881-d69a-4add-a7cd-3ee64d5fc606,You can't wait forever. It's time to talk to your doctor about ____.,1
765671de-5006-42de-92f0-3d29816c457e,Next on Eurosport: The World Championship of ____.,1
765f6ed1-c557-4b5d-b9dd-d96c26060b4f,"Senator, I trust you enjoyed ____ last night. Now, can I count on your vote?",1
775402b3-afd4-4a9f-ba00-f1bd738460f3,LSD + ____ = really bad time.,1
776bc75a-1a7f-4abf-bc6c-6a79db864d8f,"In its new tourism campaign, Detroit proudly proclaims that it has finally eliminated ____.",1
780a92f4-629c-4bb2-91dc-a4af376772f9,Life for American Indians was forever changed when the White Man introduced them to ____.,1
78b1afba-c2eb-4ea5-bf8c-0eee374d11e1,"I spent my whole life working toward ____, only to have it ruined by ____.",2
78b276c0-eb1e-439a-bd3e-35ae3d82e9e7,"In the seventh circle of Hell, sinners must endure ____ for all eternity.",1
78fcee27-2968-449f-8806-120329f3abbe,"The secret to a lasting marriage is communication, communication, and ____.",1
7a117dd7-5ea6-43be-ab19-8790e5004c9a,"In bourgeois society, capital is independent and has individuality, while the living person is ____.",1
7ad49965-21bd-4d84-8153-7cded5f5db86,"But before I kill you, Mr. Bond, I must show you.",1
7b430297-37b9-4250-81a9-03d640974401,"Man, this is bullshit. Fuck ____.",1
7be60e7f-50bd-4ff3-afc7-bb0d6eec4a92,"The top Google auto-complete results for ""Barack Obama"": <br>Barack Obama height.<br>Barack Obama net worth.<br>Barack Obama ____.",1
7c7bf752-9ee7-48ce-a0c8-6e3a399ceae7,What did I nickname my genitals?,1
7d2e1ea9-b616-4521-b1df-f2772b0da02f,What's wrong with these gorillas?,1
7d3e66b4-f382-4c3c-b689-2d5395a176bd,I drink to forget ____.,1
7da2b668-6efe-48a4-b1ef-4c30c5d449fa,"Because you enjoyed ____, we thought you'd like ____.",2
7e9ed8ba-25bd-4f60-8ea2-18453f5d073f,The new Chevy Tahoe. With the power and space to take ____ everywhere you go.,1
80fc64c4-c66d-4d4d-b714-5dc511c917c4,"This season at the Sydney Opera House, Samuel Beckett's classic existential play: <i>Waiting for ____.</i>",1
80fe1f15-46a8-4ac3-b509-af45b56ae539,What's a girl's best friend?,1
8162ef72-4c5c-4272-88a5-d21bf0b00b9d,All classes today are canceled due to ____.,1
8198acbd-7141-4693-a0ae-2bf5cd62d2cf,Turns out that ____-Man was neither the hero we needed nor wanted.,1
82e7cb39-893d-407c-962b-70dc455ef9ef,Girls just wanna have ____.,1
833de16e-0254-49a3-87e9-479d01ac8bd6,It turns out The Reapers didn't want to destroy the galaxy. They just wanted ____.,1
837ca531-dcfb-4c00-bf78-a23e152f5955,"In his newest and most difficult stunt, David Blaine must escape from ____.",1
838ec493-8e1c-43f1-83ac-d65f57992844,"Best you go back where you came from, now. We don't take too kindly to ____ in these parts.",1
83b14719-ac66-4ac2-be2c-2eff2eba1ab4,"Kids, I don't need drugs to get high. I'm high on ____.",1
83cf70fd-3d01-49d5-bf2e-3478964cff72,"This year's hottest album is ""____"" by ____.",2
842812f3-eae3-4193-b1e7-ffd384275368,"____. Once you pop, the fun don't stop!",1
858768c1-923e-4c62-b750-0eaf3048ed50,"Aww, sick! I just saw this skater do a 720 kickflip into ____!",1
860df259-0111-406b-ae70-f8e417de2019,You have been waylaid by ____ and must defend yourself.,1
867ce40c-b672-4db9-944e-d49f603997a1,"Then the princess kissed the frog, and all of a sudden the frog was ____!",1
878afcfb-dda7-4bc4-b8ae-e21635467fa8,"Sir, we found you passed out naked on the side of the road. What's the last thing you remember?",1
879cce68-e2e8-4961-86fa-d479b7edf8a7,TRIGGER WARNING: ____.,1
87a978c5-0a56-4b39-aecc-ead83db246b7,"You know, once you get past ____, ____ ain't so bad.",2
87b426a7-a697-4e9f-83b7-ff1fbba08e15,Mom's to-do list:<br><br>Buy groceries<br>Clean up ____<br>Soccer practice,1
87e2cc18-2f4f-4a89-a816-293683006071,"I work my ass off all day for this family, and this is what I come home to? ____!?",1
88304e09-a814-42fd-8abf-a259caba7c63,"What keeps me warm during the cold, cold winter?",1
889faba3-901b-4de7-b4e2-e8a4d763cae5,"This is madness!<br><br>"" <i>No.</i> THIS IS ____!""",1
890beace-f5c4-455f-bae0-040b98636138,"The Japanese have developed a smaller, more efficient version of ____.",1
89280284-42a6-4643-8918-8436fa52c742,"In his new action comedy, Jackie Chan must fend off ninjas while also dealing with ____.",1
893be3ff-d33c-4b91-90d8-7fb923a81975,"If God didn't want us to enjoy ____, he wouldn't have given us ____.",2
8b9a6a6b-4a3e-4de6-9b36-3c6d3c09974f,"Before ____, all we had was ____.",2
8bb04556-ae8e-4397-8849-36f7a8d07f0e,My mom freaked out when she looked at my browser history and found ____.com/____.,2
8c06d758-aa49-4658-9f39-301f62fed77a,"Listen, Gary, I like you. But if you want that corner office, you're going to have to show me ____.",1
8c088cfc-5e0a-49a1-b078-242999574815,"I'm Commander Shepard, and this is my favorite place for ____ on the Citadel.",1
8c73c845-a335-4cbe-b2d2-50964fc2cb67,I love being a mom. But it's tough when my kids come home filthy from ____. That's why there's Tide&reg;.,1
8d141bd8-241f-455f-9557-628d6e1d813a,"You think you have defeated me? Well, let's see how you handle ____!",1
8d7f7ce5-0935-4be0-82ed-904a31dc4f44,____ is way better in ____ mode.,2
8dba587b-8bba-46c9-9dca-737d784e98bf,"Okay here's the pitch. James Franco and Seth Rogen are trying to score some weed, and then ____ happens.",1
8f37be5c-a7f0-4512-a849-000acd4eb3b2,"I know when that hotline bling, that can only mean one thing: ____.",1
8f7043f9-5fcf-4a66-b9fe-180b36b89755,"In M. Night Shyamalan's new movie, Bruce Willis discovers that ____ had really been ____ all along.",2
8f73e368-61e6-4351-b4bd-0f9450e8bfa5,"As the mom of five rambunctious boys, I'm not stranger to ____.",1
90ad5760-68a4-413f-a6de-c6cd7d48a986,What gives me uncontrollable gas?,1
9195d454-c423-44da-a51f-9c0bcc4683e4,____: Achievement unlocked.,1
91962653-7426-4ff5-b805-4a6d1877c213,Old MacDonald has ____. E-I-E-I-O.,1
91cc1634-0133-4503-ac33-4e17b12841ca,"If at first you don't succeed, try ____.",1
93604676-1f87-4546-bc2a-d374b3e2affc,"O Canada, we stand on guard for ____.",1
9411bd71-d49b-4d8a-bdbe-fe90694dea1b,"This month's Cosmo: ""Spice up your sex life by bringing ____ into the bedroom.""",1
94b0be14-87b2-46e6-afc8-6cf69658e5de,And what did <i>you</i> bring for show and tell?,1
954b749f-abe2-4539-b57b-e40551a3e366,Legend tells of a princess who has been asleep for a thousand years and can only be awoken by ____.,1
95cecca4-54f7-4b5e-8e97-9377c9ea9187,"Tonight on SNICK: ""Are You Afraid of ____?""",1
95fe40ec-9352-4b1a-8238-1d552e257a36,"Come to Dubai, where you can relax in our world-famous spas, experience the nightlife, or simply enjoy ____ by the poolside.",1
960e3b6f-391b-4044-ae9f-9371a3560b41,"Every Christmas, my uncle gets drunk and tells the story about ____.",1
9672210c-8eca-4c37-bdb9-884138d2b771,What makes me a true blue Aussie?,1
96ffc2a6-3d4e-4521-98ad-1d3dbe341ed7,"Honey, I have a new role-play I want to try tonight! You can be ____, and I'll be ____.",2
97414c13-9daf-4e86-89f6-fbd6b1ddaf68,____ be all like ____.,2
977bff55-d567-4c68-b615-319f3a09f3a5,"Today on <i>Maury</i> : ""Help! My son is ____!""",1
980fae96-dc90-4eae-b6ec-840dc26d270f,I really hope my grandma doesn't ask me to explain ____ again.,1
987d6e0e-2e9f-467d-87ba-c1325776b093,"You guys, I saw this crazy movie last night. It opens on ____, and then there's some stuff about ____, and then it ends with ____.",3
991a9a83-0c79-493d-b883-fab65cd41124,____ will never be the same after ____.,2
99239062-ae84-4f65-8cca-c7fbcb157422,"In Australia, ____ is twice as big and twice as deadly.",1
996697cd-82af-4ce8-9126-892d470ae64b,What sucks balls?,1
9a0fb4ca-d1fc-4549-98e0-ee40bc155a3c,"If you can't be with the one you love, love ____.",1
9b5682e5-83ac-44b9-80f9-01a46fc569b4,What makes life worth living?,1
9bb404f2-7e99-42c5-b819-588097847ea3,I need you like ____ needs ____.,2
9c1f80ca-420a-4087-84d7-c256cf067112,"Now in bookstores: ""The Audacity of ____,"" by Barack Obama.",1
9c774944-863d-4b12-933d-a66ece63d937,"Daddy, why is mommy crying?",1
9c77dcd1-5eb6-41a3-8369-bb8f6cad88f3,"According to Freud, all children progress through three stages of development: the oral stage, the anal stage, and the ____ stage.",1
9d1e3639-0e23-4f66-944a-92e9ef3c8851,Now at the Natural History Museum: an interactive exhibit on ____.,1
9d7f34c7-8bd8-4c03-b8aa-f8bd8e75efbf,Click here for ____!!!,1
9d892f3b-aa6e-4625-9507-085c88441a3b,"Dude, <i>do not</i> go in that washroom. There's ____ in there.",1
9dc8ea0f-f669-4b5f-9306-86d172c7b3f0,____. That's what mums go to Iceland.,1
9e719156-c35c-4f03-9103-7146a7c0ca54,This won't be like negotiating with the Vogons. Humans only respond to one thing: ____.,1
9e888217-2526-4ceb-a753-ef37994531d0,"In Belmarsh Prison, word is you can trade 200 cigarettes for ____.",1
9eb1350b-e80b-42c5-a3af-b99dbac7be1f,Tampax&reg;: Don't let your period ruin ____.,1
9ffd4408-dab5-4fa6-8dbb-ce67b17c1c97,"Aw babe, your burps smell like ____!",1
a1d7c20a-2392-44ef-8050-45e83d6ab265,I never truly understood ____ until I encountered ____.,2
a1dd581f-a28c-417a-a029-34bcf1859e28,There was a riot at the Gearbox panel when they gave the attendees ____.,1
a2160ef0-1ec1-4c28-8761-120a1beda37d,"We were the best hand-to-hand combatants on the ship. I had reach, but she had ____.",1
a31679cf-f8a4-45ae-b79f-110c54f529a5,"In the new DLC for Mass Effect, Shepard must save the galaxy from ____.",1
a4909c31-353a-4f96-966f-84bde8a39392,"When I am Prime Minister of Canada, I will create the Ministry of ____.",1
a4b65330-e28b-4154-b9b7-bb3fba3c1137,"Little Miss Muffet<br>Sat on a tuffet,<br>Eating her curds<br>and ____.",1
a51a86f4-3332-4221-ae5e-3fc644c9fc07,"My fellow Americans: Before this decade is out, we <i>will</i> have ____ on the moon!",1
a678564f-424f-4699-9a60-744e0880e09b,Housekeeping! You want ____?,1
a6816725-a86f-426c-b9d0-f508b536b4ce,"This season at the Princess of Wales Theatre, Samuel Beckett's classic existential play: <i>Waiting for ____.</i>",1
a73de8c1-0d91-40bf-a2b4-c72406996060,"During sex, I like to think about ____.",1
a76461b0-6480-4979-8b92-f45cb2a3cc92,The healing process began when I joined a support group for victims of ____.,1
a7ad4dfa-3b9c-4354-95cf-03a377309c7f,"Uh, hey guys, I know this was my idea, but I'm having serious doubts about ____.",1
a7cd142e-a8e9-47e0-938d-a94992eccd8b,"Blessed are you, Lord our God, creator of the universe, who has granted us ____.",1
a7fa5f57-40a2-4403-97f3-899975c6a373,____: Brought to you by ____.,2
a8103d7b-a2ab-4a29-ace0-3ad87cec0bad,"Hey there, Young Scientists! Put on your labcoats and strap on your safety goggles, because today we're learning about ____!",1
a8782597-c695-4e8a-b7f8-e97aef4e207e,Curiosity was put into safe mode after its hazcams detected ____.,1
a8a2ff30-becb-44f2-b56a-f23da3824345,Most Americans would not vote for a candidate who is openly ____.,1
a9b3362e-ac71-4858-9198-023c08300a22,"What would grandma find disturbing, yet oddly charming?",1
aa1b4d60-20d6-424a-a78f-2369d1d1b5ec,Why am I so tired?,1
ab8c5166-37ce-4cec-ab99-80152e89750d,"No, no, no, no, no, NO! I will NOT let ____ ruin this wedding.",1
abc46541-258a-4a52-b3b4-5d9090039226,What is Batman's guilty pleasure.,1
ac0c40d6-7638-4b75-b1ac-9acf85c8902b,Tonight's top story: What you don't know about ____ could kills you.,1
ac59f821-50fe-4f51-9b36-4e767815ffe8,What's the gayest?,1
ad5d7d2e-f1b6-4131-919b-e7dc889005a4,"In a pinch, ____ can be a suitable substitute for ____.",2
add26ad6-9621-4e35-9e9f-ad6f392c7af6,You won't believe what's in my pussy. It's ____.,1
add54d7c-a154-46f4-94d1-00645bd8a452,You know who else liked ____? Hitler.,1
ae737436-e008-444e-8ebd-8a932bd91ae9,What did I bring back from Amsterdam?,1
ae8dc5d5-5246-404b-9095-555322716771,"Coming this season, Samuel Beckett's classic existential play: <i>Waiting for ____.</i>",1
af46700a-3c55-4454-a69c-94a04bb4a7ce,"Your father was a powerful wizard, Harry. Before he died, he left you something very precious: ____.",1
af5961af-80e2-445c-9d87-09b0d7deeb2b,Finally! A service that delivers ____ right to your door.,1
af6e5e4f-c9b8-4ce0-ad5c-0207340b48cb,White people like ____.,1
afdec526-3f72-4380-a2ed-5a1683233557,"My country, 'tis of thee, sweet land of ____.",1
b0871234-0a8e-45e8-a482-5eed47e1bb01,"During his midlife crisis, my dad got really into ____.",1
b0e6fd1d-7e37-44ac-b556-beca05d7bf9c,How am I maintaining my relationship status?,1
b10c2c48-a1b6-4a23-81d2-ea63999c26ca,"Don't worry, kid. It gets better. I've been living with ____ for 20 years.",1
b13c4208-3feb-4248-9d36-231e3ab95361,"I'm pretty sure I'm high right now, because I'm absolutely mesmerized by ____.",1
b1c8bc62-ab20-4a54-9d8d-8a0317a4f337,"Instead of coal, Santa now gives the bad children ____.",1
b1ea3997-7406-4838-81ef-affc74b2bd78,"You say tomato, I say ____.",1
b23c9ef1-8eee-4aec-a796-46ebf8f4f570,My vagina's angry. My vagina's furious and it needs to talk. It needs to talk about ____.,1
b26fe720-606d-4bdd-8399-46b4874699a5,"Brought to you by XXXX Gold, the Official Beer of ____.",1
b28407b0-963e-4123-8f9e-20f3c7e12c62,"When Pharaoh remained unmoved, Moses called down a Plague of ____.",1
b333668a-a44a-44cc-9838-c3f688db3b66,Do the Dew&reg; with our most extreme flavor yet! Get ready for Mountain Dew ____!,1
b348560f-8540-4101-8e82-9fe689e474fa,"To prepare for his upcoming role, Daniel Day-Lewis immersed himself in the world of ____.",1
b363998b-d2b3-4127-96a2-86c03fb673fd,Next up on Channel 4: Ramsay's ____ Nightmares.,1
b37a2abc-fb13-4b36-8d77-66422e4b6681,"Dear Sir or Madam, We regret to inform you that the Office of ____ has denied your request for ____.",2
b3d084f1-18b2-430b-be53-ef0d9454a548,"In return for my soul, the Devil promised me ____, but all I got was ____.",2
b4adcfa3-14a1-4593-8f26-84aed9423740,Why am I broke?,1
b589df72-496d-40a5-af5a-f8950433aacd,Next on TSN: The World Series of ____.,1
b5d36d5f-ac43-4762-8f09-035650443469,"Wait, I came here to buy socks. How did I wind up with ____?",1
b648e77c-eeef-4a05-a24b-2bd83d86f3c4,"Pledges! Time to prove you're Delta Phi material. Chug this beer, take off your shirts, and get ready for ____.",1
b6537541-eaa7-4989-8646-48897b14b28e,You are not alone. Millions of Americans struggle with ____ every day.,1
b78965b6-db0f-4e6b-8801-214045a71e4d,"This is the prime of my life. I'm young, hot, and full of ____.",1
b7c7c0b5-6053-418b-9335-6db0f0cc758f,Channel 5's new reality show feature eight washed-up celebrities living with ____.,1
b896a0da-40f8-4fab-9360-5e32d52cb2dc,____: Hours of fun. Easy to use. Perfect for ____!,2
b8cf13d5-4480-4ebc-8c29-373b3b9e6980,Donald Trump's first act as president was to outlaw ____.,1
b8d9cea4-0eb9-4a05-bf4e-f7b7bfed34ae,"The theme for next year's Eurovision Song Contest is ""We are ____.""",1
b9ce842d-27a5-4ac5-a878-78d7b8fd8797,"Adventure. Romance. ____. From Paramount Pictures, ""____.""",2
ba42b5f5-d8bc-44cd-aa09-60280e87635c,Tonight on 20/20: What you don't know about ____ could kill you.,1
bad3ba1d-6a3f-4912-9507-b63e903b6200,"Having tired of poetry and music, the immortal elves now fill their days with ____.",1
bd0ccda0-4d8d-46d3-a982-73628c348894,"Some men aren't looking for anything logical, like money. They can't be bought, bullied, reasoned, or negotiated with. Some men just want ____.",1
bd4ee332-9e56-4839-81b3-334e4cf3cf8c,I get by with a little help from ____.,1
bd7ab1f3-6e65-4db6-8d12-63d644a8622e,"<i>(Heavy breathing)</i> Luke, I am ____.",1
be20dd23-8920-41a1-be4c-0be5fb05f51f,Behind every powerful man is ____.,1
be4302e0-f35d-46ff-9c8d-4b0fad2cc5da,"Well if ____ is a crime, then lock me up!",1
be58f92e-0339-4983-ac00-76cae0e3a22a,"We never did find ____, but along the way we sure learned a lot about ____.",2
bf19fa71-2237-4d4b-8ba0-735141ddd702,"This app is basically Tinder, but for ____.",1
bf6e68bf-ae3c-470d-b472-4160858e90eb,My gym teacher got fired for adding ____ to the obstacle course.,1
bfa19193-5f71-40bc-9943-4d8597feb247,GREETINGS<br>HUMANS<br><br>I AM ____ BOT<br><br>EXECUTING PROGRAM,1
c05fefcf-ef65-4180-a218-a9b83bf4411f,50% of all marriages end in ____.,1
c0f5afcc-2d53-4b7c-b027-d37061cb75c4,This is the way the world ends This is the way the world ends Not with a bang but with ____.,1
c156ed07-61d0-4f72-9958-3796c7e2eb54,"Can't you see? The Jews are behind everything--the banks, the media, even ____!",1
c1e863d8-f6f5-4704-8027-34a2320a0593,"While the United States raced the Soviet Union to the moon, the Mexican government funneled millions of pesos into research on ____.",1
c2055157-55ce-44a9-b315-674769409845,"Hey baby, come back to my place and I'll show you ____.",1
c244f5f1-7f2d-4a68-aa89-2854f8080f3b,"Help me doctor, I've got ____ in my butt.",1
c292d954-4a7b-41f3-84b4-471d251125eb,Next on Sky Sports: The World Champion of ____..,1
c303df47-ee52-4126-bb8d-c1240e08a890,"Coming to the West End this year, ____: The Musical.",1
c3752020-33e6-427d-bd0b-94c252d65971,"During high school, I never really fit in until I found ____ club.",1
c4fc59d3-edc2-46ee-831b-3d26b27a63b6,What never fails to liven up the party?,1
c5f47550-f8ec-48cd-85ee-7ac80cf44c11,It's beginning to look a lot like ____.,1
c707ec35-90df-4cd2-8872-d4f6f4deb360,She's up all night for good fun. I'm up all night for ____.,1
c712e6f3-0d3f-47f2-9cb8-cee2afb8bc2a,"When I am a billionaire, I shall erect a 50-foot statue to commemorate ____.",1
c75af4c7-f72e-4cff-9bb4-54c49cdb69ac,Crikey! I've never seen ____ like this before! Let's get a bit closer.,1
c7bedc5a-9948-42e2-b047-0f591130a9c5,America is hungry. America needs ____.,1
c860caf4-269c-4f9d-b8d7-90d5dc6ea6c6,Such ____. Very ____. Wow.,2
c96d3995-0cc3-495c-96c3-a159409d7386,"2 AM in the city that never sleeps. The door swings open and <i>she</i> walks in, legs up to here. Something in her eyes tells me she's looking for ____.",1
c9a36362-3840-481b-ac19-7c8eed622a4c,"What is the answer to life, the universe, and everything?",1
c9bc3c09-5700-4d3c-a05a-30693285cbcb,What gets me wet?,1
ca9a38cc-3919-42d5-a407-aa0b09aed6e1,The blind date was going horrible until we discovered our shared interest in ____.,1
caf69aba-7a0f-4322-94d9-f8962d0d7bb1,I'll take the BBQ bacon burger with a fried egg and fuck it how about ____.,1
cb6e0d01-115d-41bf-949a-e3ae0c08ab95,"A romantic, candlelit dinner would be incomplete without  ____.",1
cc177e3c-45c2-4bef-80e6-b1cabaef66aa,"I may not be much to look at, but I fuck like ____.",1
ccbd6005-2b1b-40df-9e3a-d0263587a3e2,MTV's new reality show features eight washed-up celebrities living with ____.,1
ccd3b707-0868-445d-a293-83b2eeb7379c,A recent laboratory study shows that undergraduates have 50% less sex after being exposed to: ____.,1
cd2a7117-7f1c-4bec-aa58-a9f7890b25bd,Errbody in the club ____.,1
cd62b159-839f-4d8a-9242-1023890b52f0,What's that smell?,1
cecc0b6d-2f4b-438c-977b-ab76e29afa08,UKIP: Putting ____ First!,1
cf614cd8-d751-477d-9f74-0bbb667a79fd,"Who blasphemes and bubbles at the center of all infinity, whose name no lips dare speak aloud, and who gnaws hungrily in inconceivable, unlighted chambers beyond time?",1
cf77537d-077b-4b18-9ec9-a429252589e3,"This Friday at the Liquid Lounge, it's ____ Night! Ladies drink free.",1
cfff46a6-d935-4d67-8059-94ecbd81297e,"Don't worry, Penny! Go Go Gadget ____!",1
d01105f9-ef29-48ab-b483-62b3c763184b,TSA guidelines now prohibit ____ on airplanes.,1
d0f845a9-e8e0-4190-9e60-cfd077e1bc5c,"The Five Stages of Grief: denial, anger, bargaining, ____, acceptance.",1
d13769eb-b787-463a-bac7-bed2e0759f32,What brought the orgy to a grinding halt?,1
d18d0771-0329-4425-9f94-8746ce987039,Mabe she's born with it. Maybe it's ____.,1
d2305b62-11a4-4366-9c3b-3b1a52b69ad9,TFL apologizes for the delay in train service due to ____.,1
d26cc58b-78eb-41ab-8af0-45063b6aac29,"I'm LeBron James, and when I'm not slamming dunks, I love ____.",1
d3a6e463-aa84-49ec-8f36-fc63f4c21d31,Everyone is staring at you because you're ____.,1
d3af7a04-0753-4489-9789-ef762b8742b8,Michael Bay's new three-hour action epic pits ____ against ____.,2
d461cbc5-171d-4dd0-b7cb-9c1e9e0d7877,How are the writers of Cards Against Humanity spending your $25?,1
d4d333b8-3550-4572-ba02-6a768b99a30c,"Are you thinking what I'm thinking, B1? I think I am, B2: it's ____ time!",1
d4f4bd84-a6c9-4758-9670-d4408a759586,____? Jim'll fix it!,1
d56addff-3f51-4400-a917-60eb9fe29ad6,"Heed my voice, mortals! I am the god of ____, and I will not tolerate ____!",2
d7815c98-2257-4de4-89dc-6671fe08d253,There is no God. It's just ____ and then you die.,1
d804d979-7f71-4e87-8dec-b5bdd37205ac,"Fun tip! When your man asks you to go down on him, try surprising him with ____ instead.",1
d81bfb35-e296-4108-b07c-99bc27ae64cb,Life's pretty tough in the fast lane. That's why I never leave the house without ____.,1
d8221dd3-4240-4184-8f07-f0d43b200766,"What the hell?! They added a 6/6 with flying, trample, and ____.",1
d8800503-750c-4029-b035-11c5dbef09ed,I don't believe in God. I believe in ____.,1
d99a97dc-0e6a-4981-8f17-20d717a159f1,"Channel 4 presents ""____: the Story of ____.""",2
d9f28010-e439-4cea-8495-650ce8338709,"Skidamarink a dink a dink, skidamarink a doo, I love ____.",1
da500671-d8dc-45bb-98e9-688e0d52b164,"And I would have gotten away with it, too, if it hadn't been for ____!",1
ddfff7d2-9b3c-4c58-a432-834ecd5f3e0d,"A wise man said, ""Everything is about sex. Except sex. Sex is about ____.""",1
de33053a-11d0-484d-9d06-26824018dc55,"After months of practice with ____, I think I'm finally ready for ____.",2
de3d86c1-76ef-43d9-a076-a9bf4dd248cf,"Welcome to Se&ntilde;or Frog's! Would you like to try our signature cocktail, ""____ on the Beach""?",1
de4f4331-85c9-484b-a187-e955646833a6,"Honey, Mommy and Daddy love you very much.But apparently Mommy loves ____ more than she loves Daddy.",1
de5cd3c9-5dc3-4c8d-88e3-f660fdd760e6,What's fun until it gets weird?,1
e0030eb0-39da-4c65-8d5f-e7528b3fee68,Press &darr;&darr;&larr;&rarr;B to unleash ____.,1
e1cd939b-3ba9-4894-812d-0e8d9a7e1cca,"I have a strict policy. First date, dinner. Second date, kiss. Third date, ____.",1
e1f01db1-4e29-4d60-9857-fe84fab1d284,"In his farewell address, George Washington famously warned Americans about the dangers of ____.",1
e2a0cdd9-c3f6-47e6-a7a7-b56705e40ca6,What's that sound?,1
e2a61a82-ea86-4934-97bb-c909d2f23398,"As the mum of five rambunctious boys, I'm not stranger to ____.",1
e2e4066d-8aaf-4dee-8b9b-4a584d7074b4,"With a one-time gift of just $10, you can save this child from ____.",1
e30a41d3-be7d-449f-860b-4d51d4515c64,Next on ESPN2: The World Series of ____.,1
e30aac66-af5a-49f5-985f-7c1363945e5f,"I'm no doctor but I'm pretty sure what you're suffering from is called ""____.""",1
e30bff7c-bb99-4787-a33e-20b3ebd25343,Why did the chicken cross the road?,1
e32e4699-8ed4-4b79-a546-33d7307cdb92,Do <i>not</i> fuck with me! I am literally ____ right now.,1
e38e90fa-2bbc-4881-84bd-da0d1df5b80e,Hey Reddit! I'm ____. Ask me anything.,1
e394ab2d-77a4-4892-8ddf-97d2dda9b9bf,What's there a tonne of in heaven?,1
e44f2d67-0a57-4d1c-961a-b6162a5bd775,Here is church Here is the steeple Open the doors And there is ____.,1
e45f936f-1849-432e-a2ab-454d7be699e5,It's 3 AM. The red phone rings. It's ____. Who do you want answering?,1
e4ef0105-6537-4259-8524-fa8ecfb65df5,"____. Awesome in theory, kind of a mess in practice.",1
e5197641-ca07-4427-bef6-b137fa7841fa,Having problems with ____? Try ____!,2
e5234991-51f0-4cfa-83ba-6fdf06ef03f0,Today on Buzzfeed: 10 Pictures of ____ That Look Like ____!,2
e5e40906-619c-487a-9d31-6cc2014a344f,"In 2019, Donald Trump eliminated our national parks to make room for ____.",1
e6619f02-7519-4dad-a6cd-d35021042fd3,"You know what's like, really funny when you think about it? ____.",1
e6b889cb-928b-422b-a4c1-3a634b65ee79,"Lifetime&reg; presents ""____: the Story of ____.""",2
e734a6f9-d37d-41cc-abfb-c60c07af7f1c,Every step towards ____ gets me a little bit closer to ____.,2
e7824d6b-1200-40d5-b470-b605af884ebf,"Donna, pick up my dry cleaning and get my wife something for christmas. I think she likes ____.",1
e7b51233-679d-4f7c-9735-7b16f418c631,The school trip was completely ruined by ____.,1
e7c3ff74-9826-4356-9948-08b1871668de,What has been making life difficult at the nudist colony?,1
e7e77a0a-dce0-4f73-ac8f-d8025fa10cd9,"Corruption. Betrayal. ____. Coming soon to Netflix, ""House of ____.""",2
e7ef15a9-02ae-4835-b8f7-9fc3c9e3c069,"Because they are forbidden from masturbating, Mormons channel their repressed sexual energy into ____.",1
e836297e-8667-405f-a15a-2fbfd844f329,What did I bring back from Bali?,1
e8bad4e4-664f-4a56-b557-aa8e9018ff4b,"CBC presents ""____: the Story of ____.""",2
e8bbb4c3-8f43-4b84-9621-ce0b45fe0430,Lovin' you is easy 'cause you're ____.,1
e960d6a1-c00e-4098-8089-386796685b63,Only two things in life are certain: death and ____.,1
ea3c0288-c0df-4e23-8b90-12b3b74b6a80,"Don't forget! Beginning this week, Casual Friday will officially become ""____ Friday.""",1
ebcebbee-49ba-4375-804d-0766e1c94e6e,Introducing the amazing superhero/sidekick duo! It's ____ and ____!,2
ec103344-9fab-4b96-a011-f9ba59469ada,A study published in <i>Nature</i> this week found that ____ is good for you in small doses.,1
ec626206-c46e-480c-8750-eda55d6f361f,What's my secret power?,1
ed16e7e8-a28d-47e0-88a9-0370e614152f,"In his new self-produced album, Kanye West raps over the sounds of ____.",1
edb0d9e0-932a-41ca-8810-b28c7d63fd4f,Step 1: ____. Step 2: ____. Step 3: Profit.,2
edccf4e5-c7d6-4b87-8896-b52a7cfb23f8,Wes Anderson's new film tells the story of a precocious child coming to terms with ____.,1
eeea62fe-090a-4b79-ada2-4996d9b95352,Members of New York's social elite are paying thousands of dollars just to experience ____.,1
eeed2ec9-3bad-430c-870c-52989cbf83ec,What broke up the original Wiggles?,1
eef944d7-6aa4-452c-a8a2-02f6e4694e9c,"Here at the Academy for Gifted Children, we allow students to explore ____ at their own pace.",1
eefee288-e1d1-4f4f-9578-923d516ba4c1,"Coming to Red Lobster&reg; this month, ____.",1
f03a13cf-e2b9-416b-849e-8579137adf9b,"As the mom of five rambunctious boys, I'm no stranger to ____.",1
f10fc11c-cecf-4932-bf68-eb1fc4eb22f8,"According to Arizona's stand-your-ground law, you're allowed to shoot someone if they're ____.",1
f152b390-653b-4fa5-9201-9a3e4f95659b,"Doctor, you've gone too far! The human body wasn't meant to withstand that amount of ____!",1
f1ca9b5d-6b4f-4b9b-876f-1ad3cfecc2f8,"Daddy, why is mummy crying?",1
f1d0b551-0160-4faf-a988-40089974b4af,"For my turn, I will spend four gold and allocate all three workers to ____.",1
f1d6bc40-6ce7-494d-a40f-b9d7276daf23,And today's soup is Cream of ____.,1
f2253133-d3f3-40ca-a5f9-e15f81cf230f,I can't believe Netflix is using ____ to promote <i>House of Cards.</i>,1
f2c49575-11f8-41b3-8325-660f07978b1b,"Well if you'll excuse me, gentlemen, I have a date with ____.",1
f46a0014-13d4-4f30-ad82-4dd2bb40cb26,They said we were crazy. They said we couldn't put ____ inside of ____. They were wrong.,2
f48e5109-18f7-49cd-84ee-2e6cff7047d5,"It lurks in the night. It hungers for flesh. This summer, no one is safe from ____.",1
f6030b2a-0295-4e82-a70c-4a7cc9466629,"As Teddy Roosevelt said, the four manly virtues are honor, temperance, industry, and ____.",1
f6274742-a905-413b-a410-52dc7cbf563e,What are my parents hiding from me?,1
f74a7d14-ef98-4cc5-84c4-37f977a396c5,What made my first kiss so awkward?,1
f74aa911-c903-4299-9bd5-07c411ef7bf6,"Nothing says ""I love you"" like ____.",1
f762bc70-f5e8-4f25-8f40-4e5d9ca55aad,"In the final round of this year's Omegathon, Omeganauts must face off in a game of ____.",1
f86da160-70f6-4e3c-8c7e-10d0656bd526,"Just once, I'd like to hear you say ""Thanks, Mom. Thanks for ____.""",1
f87ae704-b520-4ff8-92f4-198c2f1d7571,"Well what do you have to say for yourself, Casey? This is the third time you've been sent to the principal's office for ____.",1
f994fbf7-6611-4d70-b7f9-119b11772c5f,"Madam President, the asteroid is headed directly for Earth and there's one one thing that can stop it: ____.",1
f9ac794c-7cc1-49bc-a55a-d6bac7c97037,"Call the law offices of Goldstein &amp; Goldstein, because no one should have to tolerate ____ in the workplace.",1
fa6ee377-262d-428c-b072-3662ba57157d,"I tell you, it was a non-stop fuckfest. When it was over, my asshole looked like ____.",1
fa757a03-f80e-4075-9bf6-3121fe9bacca,Arby's: We Have ____.,1
fac5806d-8443-43eb-897c-d14b31685adb,It's Morphin' Time! Mastodon! Pterodactyl! Triceratops! Sabertooth Tiger! ____!,1
fb9c050d-5249-457c-8573-33ec7f49b430,"When I am President, I will create the Department of ____.",1
fbbf9329-5026-48c2-95f1-5e18c483619d,Maybe she's born with it. Maybe it's ____.,1
fc38d4d7-cc64-4215-8b42-58e9c548eeec,"Dude, <i>do not</i> go in that bathroom. There's ____ in there.",1
fd070377-9cb2-45e7-9440-b42a42bac606,"This holiday season, Tim Allen must overcome his fear of ____ to save Christmas.",1
fd27ec3e-1b3b-444e-a094-5fa5a4427f36,Next on Nine's Wide World of Sports: The World Series of ____.,1
fdf424ed-f2ae-44bc-b1a5-336c0c4341d7,"Well if ____ is good enough for ____, it's good enough for me.",2
fe5cc31e-942d-4637-aedc-e51d7dd511fd,"Your persistence is admirable, my dear Prince, But you cannot win my heart with ____ alone.",1
fea1a404-8fb0-44c1-9982-1f1dbebdac45,"Astronomers have discovered that the universe consists of 5% ordinary matter, 25% dark matter, and 70% ____.",1
